"","latency","total_responses"
"1",100,1
"3",100,3
"5",101,5
"7",100,7
"9",100,9
"11",100,11
"13",100,13
"15",100,15
"17",100,17
"19",100,19
"21",100,21
"23",100,23
"25",100,25
"27",100,27
"29",100,29
"31",101,31
"33",100,33
"35",100,35
"37",100,37
"39",100,39
"41",101,41
"43",100,43
"45",100,45
"47",100,47
"49",100,49
"51",101,51
"53",100,53
"55",100,55
"57",100,57
"59",100,59
"61",100,61
"63",100,63
"65",100,65
"67",100,67
"69",100,69
"71",100,71
"73",100,73
"75",100,75
"77",100,77
"79",100,79
"81",100,81
"83",100,83
"85",100,85
"87",100,87
"89",99,89
"91",100,91
"93",100,93
"95",100,95
"97",99,97
"99",100,99
"101",100,101
"103",101,103
"105",100,105
"107",100,107
"109",99,109
"111",100,111
"113",100,113
"115",100,115
"117",101,117
"119",101,119
"121",100,121
"123",99,123
"125",101,125
"127",100,127
"129",100,129
"131",99,131
"133",99,133
"135",100,135
"137",99,137
"139",101,139
"141",100,141
"143",99,143
"145",100,145
"147",99,147
"149",101,149
"151",101,151
"153",99,153
"155",100,155
"157",100,157
"159",100,159
"161",100,161
"163",100,163
"165",101,165
"167",101,167
"169",99,169
"171",101,171
"173",99,173
"175",100,175
"177",101,177
"179",100,179
"181",100,181
"183",100,183
"185",100,185
"187",100,187
"189",100,189
"191",100,191
"193",100,193
"195",100,195
"197",99,197
"199",100,199
"201",100,201
"203",100,203
"205",100,205
"207",100,207
"209",100,209
"211",100,211
"213",100,213
"215",100,215
"217",100,217
"219",100,219
"221",100,221
"223",100,223
"225",100,225
"227",101,227
"229",100,229
"231",100,231
"233",100,233
"235",100,235
"237",101,237
"239",100,239
"241",100,241
"243",100,243
"245",100,245
"247",101,247
"249",100,249
"251",100,251
"253",100,253
"255",100,255
"257",100,257
"259",100,259
"261",100,261
"263",100,263
"265",100,265
"267",100,267
"269",100,269
"271",100,271
"273",100,273
"275",100,275
"277",100,277
"279",100,279
"281",100,281
"283",100,283
"285",100,285
"287",100,287
"289",101,289
"291",100,291
"293",99,293
"295",100,295
"297",99,297
"299",101,299
"301",99,301
"303",100,303
"305",100,305
"307",100,307
"309",99,309
"311",100,311
"313",100,313
"315",100,315
"317",99,317
"319",100,319
"321",100,321
"323",100,323
"325",99,325
"327",99,327
"329",99,329
"331",101,331
"333",99,333
"335",100,335
"337",100,337
"339",99,339
"341",101,341
"343",99,343
"345",99,345
"347",99,347
"349",101,349
"351",101,351
"353",99,353
"355",100,355
"357",99,357
"359",100,359
"361",100,361
"363",100,363
"365",99,365
"367",100,367
"369",100,369
"371",100,371
"373",99,373
"375",100,375
"377",100,377
"379",100,379
"381",100,381
"383",99,383
"385",99,385
"387",100,387
"389",100,389
"391",100,391
"393",100,393
"395",100,395
"397",100,397
"399",100,399
"401",100,401
"403",101,403
"405",100,405
"407",100,407
"409",100,409
"411",100,411
"413",101,413
"415",100,415
"417",100,417
"419",100,419
"421",100,421
"423",101,423
"425",100,425
"427",100,427
"429",100,429
"431",100,431
"433",100,433
"435",100,435
"437",100,437
"439",100,439
"441",100,441
"443",100,443
"445",100,445
"447",100,447
"449",100,449
"451",100,451
"453",100,453
"455",100,455
"457",100,457
"459",100,459
"461",100,461
"463",100,463
"465",101,465
"467",100,467
"469",100,469
"471",100,471
"473",100,473
"475",101,475
"477",100,477
"479",100,479
"481",100,481
"483",100,483
"485",100,485
"487",100,487
"489",100,489
"491",100,491
"493",100,493
"495",99,495
"497",100,497
"499",100,499
"501",100,501
"503",99,503
"505",100,505
"507",100,507
"509",100,509
"511",100,511
"513",100,513
"515",100,515
"517",99,517
"519",99,519
"521",100,521
"523",100,523
"525",100,525
"527",101,527
"529",101,529
"531",101,531
"533",101,533
"535",101,535
"537",100,537
"539",99,539
"541",100,541
"543",99,543
"545",99,545
"547",101,547
"549",100,549
"551",100,551
"553",100,553
"555",100,555
"557",100,557
"559",100,559
"561",100,561
"563",100,563
"565",100,565
"567",99,567
"569",100,569
"571",101,571
"573",100,573
"575",99,575
"577",100,577
"579",99,579
"581",100,581
"583",100,583
"585",100,585
"587",100,587
"589",101,589
"591",100,591
"593",100,593
"595",100,595
"597",100,597
"599",101,599
"601",100,601
"603",100,603
"605",100,605
"607",100,607
"609",101,609
"611",100,611
"613",100,613
"615",100,615
"617",100,617
"619",100,619
"621",100,621
"623",100,623
"625",100,625
"627",100,627
"629",100,629
"631",100,631
"633",100,633
"635",100,635
"637",100,637
"639",100,639
"641",100,641
"643",100,643
"645",100,645
"647",100,647
"649",100,649
"651",101,651
"653",100,653
"655",100,655
"657",100,657
"659",100,659
"661",101,661
"663",100,663
"665",100,665
"667",100,667
"669",100,669
"671",100,671
"673",100,673
"675",100,675
"677",100,677
"679",100,679
"681",100,681
"683",100,683
"685",100,685
"687",100,687
"689",100,689
"691",100,691
"693",100,693
"695",100,695
"697",99,697
"699",105,699
"701",100,701
"703",100,703
"705",100,705
"707",100,707
"709",100,709
"711",100,711
"713",101,713
"715",100,715
"717",101,717
"719",100,719
"721",100,721
"723",101,723
"725",101,725
"727",100,727
"729",100,729
"731",101,731
"733",101,733
"735",99,735
"737",100,737
"739",100,739
"741",101,741
"743",100,743
"745",100,745
"747",100,747
"749",100,749
"751",100,751
"753",100,753
"755",100,755
"757",100,757
"759",100,759
"761",100,761
"763",101,763
"765",100,765
"767",99,767
"769",100,769
"771",100,771
"773",100,773
"775",100,775
"777",100,777
"779",100,779
"781",100,781
"783",101,783
"785",102,785
"787",99,787
"789",100,789
"791",100,791
"793",101,793
"795",101,795
"797",100,797
"799",99,799
"801",100,801
"803",100,803
"805",100,805
"807",100,807
"809",100,809
"811",99,811
"813",100,813
"815",100,815
"817",100,817
"819",100,819
"821",100,821
"823",100,823
"825",100,825
"827",100,827
"829",100,829
"831",100,831
"833",100,833
"835",100,835
"837",100,837
"839",100,839
"841",100,841
"843",100,843
"845",100,845
"847",101,847
"849",100,849
"851",100,851
"853",100,853
"855",100,855
"857",101,857
"859",100,859
"861",100,861
"863",100,863
"865",100,865
"867",100,867
"869",100,869
"871",100,871
"873",100,873
"875",100,875
"877",100,877
"879",100,879
"881",100,881
"883",100,883
"885",100,885
"887",100,887
"889",100,889
"891",100,891
"893",100,893
"895",100,895
"897",101,897
"899",100,899
"901",100,901
"903",100,903
"905",100,905
"907",99,907
"909",100,909
"911",100,911
"913",100,913
"915",100,915
"917",101,917
"919",100,919
"921",100,921
"923",100,923
"925",100,925
"927",100,927
"929",100,929
"931",100,931
"933",102,933
"935",100,935
"937",99,937
"939",100,939
"941",99,941
"943",100,943
"945",100,945
"947",99,947
"949",100,949
"951",100,951
"953",101,953
"955",99,955
"957",100,957
"959",99,959
"961",101,961
"963",99,963
"965",100,965
"967",99,967
"969",100,969
"971",102,971
"973",99,973
"975",99,975
"977",100,977
"979",100,979
"981",100,981
"983",99,983
"985",99,985
"987",100,987
"989",99,989
"991",100,991
"993",101,993
"995",99,995
"997",99,997
"999",99,999
"1001",100,1001
"1003",99,1003
"1005",100,1005
"1007",100,1007
"1009",100,1009
"1011",100,1011
"1013",100,1013
"1015",100,1015
"1017",100,1017
"1019",100,1019
"1021",100,1021
"1023",100,1023
"1025",100,1025
"1027",99,1027
"1029",100,1029
"1031",100,1031
"1033",101,1033
"1035",100,1035
"1037",100,1037
"1039",100,1039
"1041",100,1041
"1043",101,1043
"1045",100,1045
"1047",100,1047
"1049",100,1049
"1051",100,1051
"1053",101,1053
"1055",100,1055
"1057",100,1057
"1059",100,1059
"1061",100,1061
"1063",100,1063
"1065",100,1065
"1067",100,1067
"1069",100,1069
"1071",100,1071
"1073",100,1073
"1075",100,1075
"1077",100,1077
"1079",100,1079
"1081",100,1081
"1083",100,1083
"1085",100,1085
"1087",100,1087
"1089",100,1089
"1091",100,1091
"1093",100,1093
"1095",100,1095
"1097",100,1097
"1099",100,1099
